parent_class_id	child_class_id
0.0	1
0.0	2
0.0	3
0.0	4
0.0	5
1.0	6
0.0	7
0.0	8
0.0	9
1.0	10
0.0	11
0.0	12
1031.0	13
1136.0	14
1119.0	15
1119.0	16
1120.0	18
1120.0	19
1120.0	20
1120.0	21
1120.0	22
1121.0	23
1121.0	24
1121.0	25
1123.0	27
1110.0	28
1130.0	29
1113.0	30
1130.0	31
1130.0	33
1130.0	34
1115.0	35
1117.0	36
1118.0	37
1136.0	38
1136.0	40
1136.0	41
1122.0	43
1124.0	44
1125.0	45
1106.0	47
1106.0	48
1109.0	49
1110.0	50
1110.0	51
1111.0	52
1111.0	53
1111.0	54
1130.0	55
1130.0	57
1117.0	59
1130.0	60
1130.0	61
1114.0	62
1114.0	63
1116.0	65
1116.0	66
1117.0	67
59.0	68
59.0	69
1107.0	71
1108.0	72
1110.0	73
1110.0	74
1111.0	76
53.0	77
1135.0	78
1138.0	79
1112.0	80
1130.0	81
1131.0	82
1131.0	83
1131.0	84
1137.0	87
1137.0	89
1079.0	90
28.0	92
41.0	93
1061.0	94
1061.0	95
1061.0	96
1062.0	97
1063.0	98
1063.0	99
1064.0	100
1064.0	101
1064.0	102
1064.0	103
1065.0	104
1066.0	105
1066.0	106
1066.0	107
1066.0	108
1066.0	109
1066.0	110
1067.0	111
1067.0	112
1068.0	113
1068.0	114
1069.0	115
63.0	116
667.0	118
1452.0	119
71.0	120
1077.0	123
1078.0	124
6.0	129
1285.0	130
1285.0	131
1285.0	132
1285.0	133
1285.0	134
1285.0	135
1285.0	136
1285.0	137
1285.0	139
1285.0	140
1285.0	141
1285.0	142
1285.0	143
1285.0	144
1285.0	146
1259.0	147
1100.0	148
1285.0	149
1285.0	150
1285.0	151
1285.0	152
1285.0	153
1103.0	154
1103.0	155
1103.0	156
1100.0	158
1285.0	159
1285.0	160
1251.0	165
1251.0	166
1179.0	167
1179.0	168
1180.0	169
1181.0	170
1181.0	171
1181.0	172
1182.0	173
1182.0	174
1183.0	175
1183.0	176
1184.0	177
1184.0	178
1184.0	179
1184.0	180
1185.0	181
1186.0	182
1186.0	183
1186.0	184
1186.0	185
1187.0	186
1187.0	187
1187.0	188
1188.0	189
1189.0	190
1190.0	191
1191.0	192
1183.0	195
1183.0	196
1183.0	197
1183.0	198
1184.0	199
1187.0	200
1256.0	202
1289.0	203
1289.0	204
1289.0	205
1289.0	206
1289.0	207
1289.0	208
1289.0	209
1301.0	210
148.0	211
141.0	219
1103.0	222
1218.0	223
1219.0	224
1219.0	225
1220.0	226
1221.0	227
1222.0	228
1223.0	229
1224.0	230
1225.0	231
1289.0	232
1289.0	233
1339.0	234
1339.0	235
1339.0	236
148.0	237
148.0	239
1334.0	240
1334.0	241
141.0	242
1024.0	243
1339.0	245
1339.0	246
1339.0	247
148.0	248
148.0	249
148.0	250
158.0	251
158.0	252
158.0	253
158.0	254
158.0	255
158.0	256
158.0	257
158.0	258
158.0	259
158.0	260
1331.0	261
1331.0	262
1339.0	269
1339.0	270
158.0	271
158.0	272
158.0	273
1103.0	279
1271.0	281
1618.0	283
206.0	286
1648.0	287
1648.0	288
1648.0	289
1452.0	291
158.0	292
158.0	293
1623.0	294
1623.0	295
148.0	297
1331.0	298
1668.0	301
1618.0	302
206.0	303
206.0	304
1452.0	305
1640.0	306
1623.0	307
158.0	308
156.0	310
1668.0	314
1668.0	315
206.0	317
206.0	318
1452.0	320
210.0	321
210.0	322
237.0	323
237.0	324
237.0	325
237.0	326
237.0	327
237.0	328
249.0	329
249.0	330
249.0	331
249.0	332
1629.0	334
1629.0	335
1629.0	336
261.0	340
262.0	341
262.0	342
262.0	343
262.0	344
262.0	345
262.0	346
1678.0	348
1623.0	349
1153.0	352
1153.0	353
1154.0	354
1154.0	355
1154.0	356
1155.0	357
1155.0	358
1155.0	359
1158.0	360
1158.0	361
1158.0	362
1159.0	363
1159.0	364
1159.0	365
1161.0	366
1161.0	367
1161.0	368
1163.0	369
1165.0	370
1165.0	371
1166.0	372
1166.0	373
1166.0	374
1167.0	375
1167.0	376
1167.0	377
1167.0	378
1169.0	379
1169.0	380
1648.0	382
1702.0	383
1702.0	384
1690.0	385
1690.0	386
237.0	388
1669.0	390
249.0	391
249.0	392
249.0	393
256.0	395
1629.0	396
257.0	397
259.0	398
262.0	400
262.0	401
262.0	402
1693.0	403
1693.0	404
1693.0	405
1126.0	406
1275.0	407
1702.0	409
1702.0	410
1702.0	411
1702.0	412
1702.0	413
1702.0	414
1702.0	415
1702.0	416
256.0	417
261.0	419
262.0	420
1623.0	421
1126.0	422
1126.0	423
1126.0	424
1713.0	428
237.0	429
237.0	430
237.0	431
1701.0	432
1251.0	435
1647.0	437
1647.0	438
1647.0	439
158.0	440
1678.0	441
1126.0	442
1259.0	446
1098.0	449
305.0	450
1253.0	460
1669.0	465
1669.0	466
1253.0	468
1664.0	471
1713.0	472
1253.0	479
1253.0	480
1253.0	483
1253.0	484
1253.0	486
1273.0	487
206.0	490
1277.0	491
1098.0	494
1035.0	496
237.0	497
1253.0	499
1253.0	500
1253.0	501
1253.0	502
1278.0	503
1251.0	504
1082.0	506
1253.0	507
1253.0	508
1253.0	509
1256.0	510
1253.0	515
1253.0	516
1253.0	517
1251.0	518
1269.0	528
1253.0	533
1253.0	534
1266.0	535
1253.0	540
1266.0	541
1266.0	542
1266.0	544
1265.0	547
1265.0	548
1273.0	549
1266.0	550
1267.0	551
1265.0	554
1270.0	555
1272.0	556
1265.0	558
1266.0	559
1268.0	561
1253.0	562
1272.0	563
1273.0	565
1273.0	566
1273.0	567
1272.0	568
1272.0	569
1273.0	570
1274.0	571
1273.0	573
506.0	574
1156.0	581
1156.0	582
1157.0	583
1157.0	584
1160.0	586
1162.0	587
1162.0	588
1163.0	589
1164.0	590
1164.0	591
1164.0	592
1168.0	593
1168.0	594
1168.0	595
1170.0	596
1152.0	597
1152.0	598
0.0	601
616.0	603
616.0	604
616.0	605
1273.0	606
1253.0	607
1253.0	608
617.0	609
618.0	610
621.0	611
619.0	612
1022.0	613
620.0	614
616.0	615
1088.0	616
1082.0	617
1082.0	618
11.0	619
11.0	620
1020.0	621
1.0	643
1.0	644
1.0	645
1.0	646
667.0	647
1.0	648
11.0	649
1024.0	663
1053.0	664
1024.0	665
1019.0	666
1019.0	667
667.0	668
1019.0	669
1005.0	670
670.0	671
671.0	672
671.0	673
671.0	674
671.0	675
670.0	676
676.0	677
676.0	678
676.0	679
676.0	680
670.0	681
681.0	682
681.0	683
681.0	684
681.0	685
681.0	686
681.0	687
670.0	688
1032.0	689
689.0	690
689.0	691
689.0	692
689.0	693
689.0	694
689.0	695
689.0	696
689.0	697
689.0	698
689.0	699
689.0	700
689.0	701
689.0	702
689.0	703
689.0	704
689.0	705
689.0	706
689.0	707
689.0	708
689.0	709
689.0	710
689.0	711
689.0	712
689.0	713
689.0	714
689.0	715
689.0	716
689.0	717
689.0	718
689.0	719
689.0	720
689.0	721
689.0	722
689.0	723
689.0	724
689.0	725
689.0	726
689.0	727
689.0	728
689.0	729
689.0	730
689.0	731
689.0	732
689.0	733
689.0	734
689.0	735
689.0	736
689.0	737
689.0	738
689.0	739
692.0	740
692.0	741
716.0	742
716.0	743
1027.0	744
1027.0	745
1104.0	746
1104.0	747
1104.0	748
1104.0	749
1104.0	750
1098.0	751
1098.0	752
1098.0	753
1006.0	754
670.0	763
763.0	764
763.0	765
763.0	766
763.0	767
763.0	768
763.0	769
763.0	770
763.0	771
763.0	772
763.0	773
763.0	774
763.0	776
763.0	777
763.0	778
763.0	780
763.0	781
763.0	782
763.0	783
763.0	784
763.0	785
763.0	786
670.0	787
670.0	789
789.0	790
670.0	791
670.0	792
670.0	793
796.0	795
670.0	796
1006.0	797
1032.0	799
1032.0	800
1032.0	801
1032.0	802
1032.0	803
1032.0	804
1032.0	806
1032.0	807
1032.0	808
1032.0	809
1032.0	810
1032.0	811
1032.0	812
1027.0	813
1027.0	814
1027.0	815
1027.0	816
1027.0	817
1027.0	818
1032.0	823
1032.0	824
0.0	825
825.0	826
825.0	827
825.0	828
825.0	829
825.0	830
825.0	831
825.0	832
825.0	833
825.0	834
825.0	835
0.0	836
836.0	837
836.0	838
836.0	839
839.0	840
840.0	841
840.0	842
840.0	843
840.0	844
840.0	845
839.0	846
846.0	847
846.0	848
838.0	849
849.0	850
849.0	851
849.0	852
838.0	853
853.0	854
853.0	855
853.0	856
837.0	857
837.0	858
837.0	859
858.0	860
858.0	861
858.0	862
858.0	863
858.0	864
825.0	883
849.0	886
838.0	889
1264.0	890
837.0	894
1079.0	903
1079.0	904
1079.0	905
1079.0	906
1079.0	907
1079.0	908
1136.0	909
905.0	910
903.0	911
904.0	912
1122.0	913
1122.0	914
1120.0	915
1130.0	916
1114.0	917
1114.0	918
1081.0	919
919.0	920
920.0	921
1081.0	922
922.0	923
923.0	924
1137.0	925
1087.0	926
926.0	927
1110.0	928
1031.0	929
929.0	930
929.0	931
1182.0	932
1182.0	933
1182.0	934
1183.0	935
1183.0	936
1184.0	937
1184.0	938
1186.0	939
1186.0	940
1186.0	941
930.0	942
931.0	943
1057.0	944
944.0	945
1301.0	946
1136.0	947
837.0	966
837.0	967
0.0	1005
0.0	1006
1024.0	1014
667.0	1015
1024.0	1016
1019.0	1018
1005.0	1019
11.0	1020
11.0	1021
11.0	1022
1024.0	1023
1005.0	1024
1006.0	1027
1.0	1028
1.0	1030
1.0	1031
1006.0	1032
12.0	1033
1.0	1034
1.0	1035
1022.0	1038
1033.0	1040
1033.0	1041
1033.0	1042
1033.0	1043
1033.0	1044
1033.0	1045
1033.0	1046
1024.0	1047
1024.0	1053
1031.0	1054
1031.0	1055
1031.0	1056
1031.0	1057
1031.0	1058
1031.0	1059
1031.0	1060
1034.0	1061
1034.0	1062
1034.0	1063
1034.0	1064
1034.0	1065
1034.0	1066
1034.0	1067
1034.0	1068
1034.0	1069
1031.0	1070
1031.0	1071
1031.0	1072
1031.0	1073
1031.0	1074
1031.0	1075
1031.0	1076
1034.0	1077
1034.0	1078
1028.0	1079
1028.0	1081
1020.0	1082
1021.0	1083
1028.0	1084
1028.0	1085
1028.0	1087
1020.0	1088
1022.0	1089
1028.0	1090
1028.0	1091
745.0	1096
1027.0	1098
6.0	1100
1030.0	1103
1027.0	1104
1085.0	1106
1085.0	1107
1085.0	1108
1087.0	1109
1087.0	1110
1087.0	1111
1090.0	1112
1081.0	1113
1081.0	1114
1081.0	1115
1081.0	1116
1081.0	1117
1081.0	1118
1079.0	1119
1079.0	1120
1079.0	1121
1079.0	1122
1079.0	1123
1079.0	1124
1084.0	1125
1024.0	1126
1024.0	1127
1081.0	1130
1081.0	1131
1104.0	1132
1104.0	1133
1087.0	1135
1079.0	1136
1091.0	1137
1087.0	1138
1024.0	1144
1053.0	1145
676.0	1146
1053.0	1149
1053.0	1150
1040.0	1152
1041.0	1153
1041.0	1154
1041.0	1155
1041.0	1156
1041.0	1157
1041.0	1158
1041.0	1159
1042.0	1160
1042.0	1161
1042.0	1162
1042.0	1163
1042.0	1164
1043.0	1165
1043.0	1166
1043.0	1167
1044.0	1168
1045.0	1169
1046.0	1170
1024.0	1173
1098.0	1175
1019.0	1178
1054.0	1179
1054.0	1180
1055.0	1181
1055.0	1182
1055.0	1183
1055.0	1184
1055.0	1185
1056.0	1186
1057.0	1187
1057.0	1188
1058.0	1189
1059.0	1190
1060.0	1191
1070.0	1218
1070.0	1219
1071.0	1220
1072.0	1221
1073.0	1222
1074.0	1223
1075.0	1224
1076.0	1225
1053.0	1226
745.0	1235
1083.0	1251
1082.0	1253
1083.0	1256
1089.0	1259
648.0	1264
1082.0	1265
1088.0	1266
1088.0	1267
1082.0	1268
1082.0	1269
1082.0	1270
1038.0	1271
1088.0	1272
1088.0	1273
1082.0	1274
1083.0	1275
1083.0	1277
1083.0	1278
1100.0	1285
1100.0	1289
1100.0	1301
1264.0	1315
1100.0	1331
1100.0	1334
1100.0	1339
1100.0	1452
1019.0	1583
1019.0	1590
1285.0	1614
1289.0	1618
1334.0	1623
158.0	1629
1334.0	1638
148.0	1640
1452.0	1647
1289.0	1648
1285.0	1649
158.0	1657
1452.0	1664
1289.0	1668
148.0	1669
1334.0	1674
1334.0	1678
1289.0	1682
1285.0	1684
158.0	1686
1339.0	1690
1334.0	1693
158.0	1701
1339.0	1702
1339.0	1710
1339.0	1713
1331.0	1714
1339.0	1715
